term,length
/0.04/,6
/0.05/,6
/0.80,5
/2/,3
/3/,3
/4/,3
/aerothermochemical/,20
/all,4
/alternating,12
/associated,11
/at,3
/body,5
/charge,7
/compressible,13
/core/,6
/d/,3
/decaying,9
/destalling/,12
/discussion,11
/effective,10
/equivalent,11
/errors/,8
/exact/,7
/excluding,10
/fundamental/,13
/heat,5
/hypersonic,11
/ignorable,10
/incompressible,15
/intermediate,13
/jet,4
/joint,6
/kopal,6
/laminar,8
/local,6
/magnus/,8
/merged,7
/near/,6
/newtonian/,11
/planes,7
/quasi,6
/restricted,11
/reverse/,9
/ring,5
/rotational/,12
/scale/,7
/schmidt,8
/similarity,11
/space/,7
/specific,9
/spillage/,10
/spread/,8
/stacking/,10
/standardize/,13
/static/,8
/steady,7
/stokes,7
/strong/,8
/subsonic,9
/superfast/,11
/tailored,9
/thin/,6
/tietjens,9
/trailing,9
/very,5
/viscous,8
8(1944,6
abbreviate,10
ability,7
ablate,6
ablating,8
ablation,8
ablative,8
able,4
abrupt,6
absence,7
absent,6
absolute,8
absorb,6
absorption,10
abstract,8
academic,8
accelerate,10
accelerated,11
acceleration,12
accelerator,11
accelerometer,13
accentuate,10
accept,6
acceptability,13
acceptable,10
accessible,10
accidental,10
accommodate,11
accommodation,13
accompany,9
accomplish,10
accord,6
accordance,10
account,7
accountable,11
accrue,6
accumulate,10
accumulation,12
accuracy,8
accurate,8
acetate,7
achievable,10
achieve,7
achieving,9
ackeret,7
acoustic,8
acoustical,10
acquire,7
acquisition,11
acrodynamic,11
acrothermochemistry,19
acrothermoelasticity,20
act,3
acting,6
action,6
activation,10
active,6
activity,8
actual,6
actural,7
adapt,5
adaptable,9
adaptation,10
add,3
addendum,8
addition,8
additional,10
additive,8
adequacy,8
adequate,8
adiabatic,9
adjacent,8
adjoin,6
adjoint,7
adjust,6
adjustable,10
adjustment,10
administration,14
admissible,10
admit,5
admixture,9
adopt,5
adsorption,10
advance,7
advanced,8
advantage,9
advantageous,12
advent,6
adverse,7
advocate,8
aec,3
aeolotropic,11
aerelastic,10
aerfoils,8
aerial,6
aero,4
aeroballistics,14
aerodynamic,11
aerodynamics,12
aerodynamieist,14
aeroelastic,11
aeroelastician,14
aeroelasticity,14
aerofoil,8
aeronautical,12
aeronautics,11
aeroplane,9
aerothermal,11
aerothermodynamic,17
aerothermoelastic,17
affect,6
affinity,8
affirmative,11
afford,6
aforementioned,14
aft,3
afterbodies,11
afterbody,9
afterburner,11
afterburning,12
afterflow,9
age,3
agency,6
agree,5
agreement,9
aid,3
ailcron,7
aileron,7
aim,3
air,3
air/,4
airborne,8
aircraft,8
airflow,7
airfoil,7
airforce,8
airframe,8
airliner,8
airload,7
airloads,8
airplane,8
airscrew,8
airspeed,8
airstream,9
akin,4
alfven,6
algebraic,9
align,5
alleviate,9
alleviation,11
allmovable,10
allow,5
allowable,9
allowance,9
alloy,5
allude,6
alminar,7
alter,5
alteration,10
alternate,9
alternative,11
altitude,8
aluminium,9
aluminum,8
ambient,7
ambiguity,9
amenable,8
american,8
ammonium,8
amount,6
ample,5
amplification,13
amplifier,9
amplify,7
amplitude,9
analog,6
analogous,9
analogue,8
analoguous,10
analogy,7
analogy/,8
analyse,7
analyser,8
analysis,8
analytic,8
analytical,10
analyzable,10
analyze,7
analyzer,8
anemometer,10
angle,5
angled,6
angular,7
anh,3
anhedral,8
anisotropic,11
anisotropy,10
annex,5
announce,8
annual,6
annul,5
annular,7
annulus,7
anomalous,9
anomaly,7
anove,5
answer,6
anti,4
antielastic,11
antisymmetric,13
antisymmetrical,15
apex,4
apogee,6
app,3
apparatus,9
apparent,8
appear,6
appearance,10
append,6
appendix,8
appl,4
applicability,13
applicable,10
application,11
applied,7
apply,5
appraisal,9
appraise,8
appraisement,12
appreciable,11
appreciate,10
approach,8
appropriate,11
approx,6
approximate,11
approximately,13
approximation,13
approximations,14
apropriate,10
arbitrary,9
arc,3
ardc,4
area,4
argon,5
argue,5
argument,8
arise,5
arithmetic,10
arithmetical,12
arm,3
armenakas,9
arrange,7
arrangement,11
arrest,6
arrhenius,9
arrival,7
arrive,6
arrow,5
art,3
article,7
artifice,8
artificial,10
ascend,6
ascertain,9
ascribe,7
asimplified,11
ask,3
aspect,6
assemble,8
assembly,8
assert,6
assess,6
assessment,10
assign,6
assist,6
assistance,10
associate,9
associated,10
association,11
assortment,10
assume,6
assumed,7
assumption,10
assure,6
astronautics,12
astrophysics,12
asymmetric,10
asymmetrical,12
asymmetry,9
asymptote,9
asymptotic,10
atlarge,7
atm,3
atmosphere,10
atmospheric,11
atom,4
atomic,6
attach,6
attached,8
attachment,10
attack,6
attain,6
attainable,10
attainment,10
attempt,7
attendant,9
attened,7
attention,9
attenuate,9
attenuation,11
attitude,8
attract,7
attractive,10
attributable,12
attribute,9
audio,5
augment,7
augmentation,12
aural,5
auspex,6
author,6
authority,9
autocorrelation,15
automatic,9
auxiliary,9
availability,12
available,9
avaluated,9
avenue,6
average,7
averaging,9
avoid,5
avoidance,9
avove,5
avro,4
axi,3
axial,5
axis,4
axisymmetric,12
axisymmetrical,14
azimuthal,9
back,4
background,10
backing,7
backup,6
backward,8
bad,3
bakanov,7
balance,7
balancing,9
ballistic,9
ballistics,10
balsa,5
ban,3
band,4
bandwidth,9
bang,4
bank,4
bar,3
bare,4
barrel,6
barrier,7
base,4
basic,5
basin,5
basis,5
bay,3
beam,4
beane,5
bear,4
bearing,7
beat,4
bed,3
beg,3
begin,5
beginning,9
behave,6
behavior,8
behaviour,9
being,5
belief,6
believe,7
bell,4
belong,6
belotserkovskii,15
belt,4
bend,4
bending,7
beneficial,10
benefit,7
benser,6
ber,3
bergdolt,8
berthelot,9
beskin,6
bessel,6
best,4
beta,4
bevel,5
beyween,7
bibliography,12
biconvex,8
bifurcate,9
bifurcation,11
biharmonic,10
billow,6
bimetallic,10
bimolecular,11
binary,6
bind,4
biot,4
bisector,8
blade,5
bladed,6
blading,7
blasius,7
blast,5
bleed,5
bleich,6
blend,5
block,5
blockage,8
blow,4
blowdown,8
blowout,7
blue,4
bluff,5
bluish,6
blunt,5
blunted,7
blunting,8
bluntness,9
bluntnosed,10
board,5
boat,4
boattail,8
boattailing,11
boattails,9
body,4
boiloff,7
bolshakov,9
bomb,4
bomber,6
bond,4
bonus,5
book,4
boom,4
booming,7
boost,5
booster,7
bore,4
bornel,6
bounary,7
bound,5
boundary,8
bounding,8
bourne,6
bow,3
box,3
bracket,7
brake,5
braking,7
branch,6
branchline,10
brass,5
breadth,7
break,5
breakdown,9
breathing,9
breguet,7
bridge,6
brief,5
briefly,7
brightness,10
bring,5
british,7
broad,5
broaden,7
btu,3
bubble,6
buckle,6
buckled,7
buckling,8
budiansky,9
buffet,6
buffeting,9
build,5
bulent,6
bulge,5
bulk,4
bulkhead,8
bullet,6
bump,4
buoyancy,8
buoyant,7
bureau,6
burger,6
burn,4
burning,7
burst,5
bury,4
busemann,8
butler,6
buzz,4
bypass,6
c(k,3
cabin,5
cal,3
calcualted,10
calcualtions,12
calculate,9
calculated,10
calculation,11
calculus,8
caliber,7
calibrate,9
calibration,11
call,4
caloric,7
camber,6
cambered,8
camera,6
canard,6
cancel,6
cancellation,12
cant,4
cantilever,10
cantilevered,12
cap,3
capability,10
capable,7
capacitance,11
capacity,8
capillary,9
capsule,7
carbon,6
carbonate,9
carborundum,11
care,4
careful,7
caret,5
carrier,7
carry,5
carrying,8
cartesian,9
cascade,7
case,4
cast,4
castigliano,11
castolite,9
catalytic,9
category,8
cater,5
cathode,7
cauchy,6
cause,5
caution,7
cavitating,10
cavitation,10
cavity,6
cease,5
cell,4
cellular,8
cellulose,9
cent,4
cent/,5
centaur,7
center,6
centerline,10
centigrade,10
central,7
centre,6
centreline,10
centric,7
centrifugal,11
centripetal,11
centroid,8
certain,7
certainty,9
chain,5
chamber,7
change,6
channel,7
chap,4
chapman,7
chapter,7
character,9
characteristic,14
characteristics,15
characteristies,15
characterize,12
charge,6
charging,8
chart,5
charter,7
chase,5
check,5
chemical,8
chemisorption,13
chemistry,9
chief,5
chloride,8
choice,6
choke,5
choleski,8
choose,6
chord,5
chordwise,9
circle,6
circling,8
circuit,7
circuitry,9
circular,8
circularity,11
circulate,9
circulation,11
circulatory,11
circumference,13
circumferential,15
circumlunar,11
circumscribing,14
circumstance,12
cite,4
civil,5
claim,5
clamp,5
clamshell,9
clarify,7
class,5
classic,7
classical,9
classificaiton,14
classification,14
classify,8
clausing,8
clay,4
clear,5
clearance,9
climb,5
climinated,10
clockwise,9
close,5
closed,6
closeness,9
closing,7
closure,7
cloud,5
coalescence,11
coarse,6
coast,5
coating,7
coaxial,7
code,4
coefficient,11
coefstant,9
coherent,8
coincide,8
coincident,10
cold,4
collaboration,13
collaborator,12
collapse,8
collapsing,10
collect,7
collection,10
collision,9
collocation,11
colour,6
column,6
combination,11
combine,7
combined,8
combustible,11
combustion,10
combution,9
come,4
coming,6
command,7
commence,8
comment,7
commercial,10
committee,9
common,6
communication,13
compact,7
companion,9
company,7
comparable,10
comparative,11
compare,7
comparison,10
compatibility,13
compatible,10
compensate,10
compete,7
competition,11
compilation,11
compile,7
complement,10
complementary,13
complete,8
completeness,12
completion,10
complex,7
complexity,10
complicate,10
complicated,11
complimentary,13
component,9
compose,7
composite,9
composition,11
compound,8
comprehensive,13
compress,8
compressed,10
compressibility,15
compressible,12
compression,11
compressional,13
compressive,11
compressor,10
comprise,8
compromise,10
computation,11
computational,13
compute,7
computer,8
computing,9
con,3
concave,7
conceivable,11
conceive,8
concentrate,11
concentrated,12
concentration,13
concentric,10
concept,7
conception,10
conceptual,10
concern,7
concerned,9
concise,7
conclude,8
conclusion,10
concoct,7
concrete,8
concur,6
concurrent,10
condensation,12
condense,8
condensed,9
condition,9
conduct,7
conducting,10
conduction,10
conductive,10
conductivity,12
conductor,9
cone,4
cone/,5
confidence,10
configuration,13
confine,7
confirm,7
confirmation,12
conflict,8
confluent,9
conform,7
conformal,9
conformity,10
confused,8
confusing,9
conic,5
conical,7
conicals,8
conidtions,10
conjecture,10
conjunction,11
connect,7
connected,9
connection,10
connexion,9
conpressibility,15
consequence,11
consequent,10
conservation,12
conservative,12
conservativeness,16
consider,8
considerable,12
consideration,13
consierable,11
consist,7
consistent,10
consists,8
consolidate,11
const,5
constancy,9
constant,8
constant/,9
constants/,10
constituent,11
constitute,10
constitution,12
constrain,9
constrained,11
constraint,10
construct,9
construction,12
consumption,11
contact,7
contain,7
contaminate,11
contaminating,13
contamination,13
contemplate,11
content,7
context,7
continuation,12
continue,8
continuity,10
continuous,10
continuum,9
contour,7
contoured,9
contract,8
contracting,11
contraction,11
contradiction,13
contrary,8
contrast,8
contribute,10
contributing,12
contribution,12
control,7
controlled,10
controversy,11
convect,7
convecting,10
convection,10
convective,10
convenience,11
convenient,10
conventional,12
converge,8
convergence,11
convergent,10
converging,10
converse,8
conversion,10
convert,7
convex,6
conviction,10
convolution,11
cool,4
coolant,7
cooled,6
cooling,7
cooperation,11
coordinate,10
cope,4
copper,6
core,4
corner,6
cornered,8
corollary,9
corpuscular,11
correct,7
correction,10
corrective,10
correctness,11
correlate,9
correlation,11
correlator,10
correlograms,12
correspond,10
corresponding,13
corridor,8
corroborate,11
corrosive,9
corrugated,10
cosine,6
cost,4
couette,7
coulomb,7
coundary,8
count,5
counter,7
counteract,10
counterpart,11
country,7
couple,6
coupling,8
coupon,6
course,6
cover,5
coverage,8
cowl,4
cowling,7
cps,3
crack,5
cracking,8
craft,5
crease,6
create,6
creep,5
crest,5
crew,4
crinoline,9
criterion,9
critical,8
criticism,9
criticize,9
crocco,6
crooked,7
crop,4
cross,5
crosscorrelation,16
crossflow,9
crucial,7
cruciform,9
cruise,6
crush,5
cubic,5
cubics,6
cumbersome,10
cumulative,10
cure,4
curling,7
current,7
curtain,7
curvature,9
curve,5
curved,6
curvilinear,11
cushion,7
cusped,6
cusps,5
cuss,4
customary,9
cut,3
cutoff,6
cutout,6
cycle,5
cyclic,6
cycling,7
cylinder,8
cylinder/,9
cylinderical,12
cylindrical,11
damage,6
damaging,8
damp,4
damping,7
danger,6
dash,4
dashthat,8
dashthe,7
data,4
date,4
day,3
daytime,7
dead,4
deal,4
debatable,9
debye,5
decade,6
decay,5
decaying,8
decelerate,10
deceleration,12
decide,6
decimal,7
decision,8
declassify,10
decline,7
decompose,9
decomposition,13
decrease,8
decrement,9
deduce,6
deduct,6
deduction,9
deep,4
defect,6
defence,7
defference,10
deficiency,10
deficit,7
definable,9
define,6
definite,8
definition,10
deflagration,12
deflect,7
deflection,10
deflexion,9
deform,6
deformable,10
deformation,11
deformed,8
defy,4
deg,3
degenerate,10
degrade,7
degree,6
degreec,7
degreek,7
deionization,12
deisgn,6
delay,5
delimited,9
delineate,9
delta,5
demand,6
demarcation,11
demonstrate,11
demonstration,13
dence,5
denomination,12
denote,6
dense,5
density,7
dent,4
depart,6
department,10
departure,9
depend,6
dependence,10
dependency,10
dependent,9
depict,6
depletion,9
deposit,7
depression,10
depth,5
derivable,9
derivation,10
derivative,10
derive,6
deryagin,8
descend,7
descent,7
describable,11
describe,8
description,11
descriptive,11
design,6
designate,9
designer,8
desirability,12
desirable,9
desire,6
desk,4
destabilize,11
destabilizing,13
destalling,10
detached,8
detachment,10
detail,6
detailed,8
detect,6
detectable,10
detection,9
deteriorate,11
deterioration,13
determinable,12
determinant,11
determinantal,13
determinate,11
determination,13
determine,9
determined,10
detonation,10
detra,5
detrimental,11
deuce,5
develop,7
developable,11
development,11
deviate,7
deviation,9
device,6
devise,6
devote,6
devoted,7
devreased,9
dewpoint,8
diagonal,8
diagram,7
diam,4
diameter,8
diamond,7
diaphragm,9
diatomic,8
dicsovering,11
dictate,7
dielectric,10
differ,6
difference,10
different,9
differential,12
differentiate,13
differentiation,15
differs,7
difficult,9
difficulty,10
diffuse,7
diffuser,8
diffusion,9
diffusive,9
diffusivity,11
digit,5
digital,7
dihedral,8
dilation,8
dilute,6
dimension,9
dimensional,11
dimensionality,14
dimensionless,13
diminish,8
dioxide,7
dipole,6
dirac,5
direct,6
direction,9
directional,11
directive,9
director,8
dirichlet,9
dirt,4
disadvantage,12
disagree,8
disagreement,12
disappear,9
disc,4
discern,7
discernible,11
discharge,9
disclose,8
discontinuity,13
discontinuous,13
discover,8
discoverer,10
discovery,9
discrepancy,11
discrete,8
discuss,7
discussion,10
disequilibrium,14
disk,4
dislocation,11
dismiss,7
disparity,9
disperse,8
dispersion,10
displace,8
displacement,12
display,7
disposable,10
disregard,9
dissertation,12
dissimilar,10
dissipation,11
dissipative,11
dissociate,10
dissociation,12
distance,8
distant,7
distinct,8
distinction,11
distinguish,11
distort,7
distortion,10
distribute,10
distribution,12
disturb,7
disturbance,11
disturbed,9
disturbing,10
diurnal,7
diverge,7
divergence,10
divergent,9
diverse,7
diversify,9
divide,6
diving,6
division,8
doctor,6
dodecagonal,11
domain,6
dome,4
dominant,8
dominate,8
donnell,7
doppler,7
dorod,5
dorodnitsyn,11
double,6
doublet,7
doubling,8
doubt,5
doubtful,8
downstream,10
downward,8
downwash,8
downwashes,10
drag,4
dramatic,8
drape,5
drastic,7
draw,4
drawing,7
drift,5
drill,5
drive,5
driver,6
driving,7
droop,5
drop,4
drum,4
dry,3
dual,4
ducing,6
duct,4
ducted,6
ducting,7
duplicate,9
duralumin,9
duration,8
dust,4
dy/,3
dynamic,7
dynamical,9
e.104,5
e/0.2/,6
early,5
earth,5
ease,4
easy,4
eccentricity,12
echo,4
economic,8
economical,10
economics,9
economy,7
eddy,4
edge,4
edged,5
edition,7
edpm,4
educational,11
effect,6
effective,9
effectiveness,13
efficacious,11
efficiency,10
efficient,9
efflux,6
effort,6
effusion,8
eigenvalue,10
eigenvectors,12
eighth,6
einbinder,9
ejector,7
elaborate,9
elapse,6
elastic,7
elasticity,10
electric,8
electrical,10
electro,7
electrode,9
electroformed,13
electrohydrodynamic,19
electromagnetic,15
electron,8
electronic,10
electrons,9
elegant,7
element,7
elemental,9
elementary,10
elevated,8
elevation,9
elevator,8
eliminate,9
elimination,11
ellipse,7
ellipsoid,9
ellipsoidal,11
elliptic,8
elliptical,10
ellipticity,11
elongated,9
embed,5
embrace,7
embryonic,9
emerge,6
emission,8
emissivity,10
emit,4
emitted,7
emmons,6
emphasis,8
emphasise,9
emphasize,9
empirical,9
employ,6
employment,10
enable,6
ence,4
encircle,8
enclose,7
encompass,9
encounter,9
encouraging,11
end,3
endeavour,9
endorse,7
endplate,8
endurance,9
energy,6
enforce,7
engage,6
engesser,8
engine,6
engined,7
engineer,8
engineering,11
enhance,7
eniac,5
enjoy,5
enlarge,7
enlightening,12
enquiry,7
ensue,5
ensure,6
entail,6
enter,5
enthalpics,10
enthalpy,8
entire,6
entirety,8
entitle,7
entrain,7
entrainment,11
entrance,8
entrant,7
entropy,7
entry,5
envelope,8
environment,11
environmental,13
envisage,8
epoxy,5
equal,5
equality,8
equate,6
equation,8
equations,9
equatorial,10
equicohesive,12
equilateral,11
equilibrate,11
equilibrium,11
equip,5
equipment,9
equivalence,11
equivalent,10
erature,7
erfc,4
erode,5
erosion,7
erosive,7
erratic,7
error,5
escape,6
essence,7
essential,9
establish,9
establishment,13
estimate,8
estimated,9
estimation,10
eter,4
ethylene,8
eucken,6
euler,5
eulerian,8
evaluate,8
evaluation,10
evaporate,9
evaporation,11
event,5
eventual,8
evidence,8
evident,7
evolve,6
evvard,6
exact,5
exaggeration,12
examinable,10
examination,11
examine,7
example,7
exceed,6
excellent,9
exception,9
exceptional,11
excess,6
excessive,9
exchange,8
exchanger,9
excitation,10
excite,6
excited,7
exciting,8
exclude,7
excrescence,11
excuse,6
exercise,8
exert,5
exhaust,7
exhausting,10
exhaustive,10
exhibit,7
exist,5
existence,9
exit,4
exotic,6
expand,6
expanse,7
expansion,9
expect,6
expectation,11
expend,6
expenditure,11
expense,7
experience,10
experiment,10
experimental,12
experimenter,12
explain,7
explanation,11
explicit,8
exploit,7
exploration,11
exploratory,11
explore,7
explosion,9
explosive,9
exponent,8
exponential,11
exponentially,13
expose,6
exposed,7
exposition,10
exposure,8
expound,7
express,7
expressible,11
expression,10
extend,6
extended,8
extendible,10
extensible,10
extension,9
extensional,11
extensive,9
extent,6
exterior,8
external,8
extinction,10
extra,5
extrapolate,11
extrapolation,13
extremal,8
extreme,7
eye,3
fabric,6
fabricate,9
fabrication,11
face,4
faced,5
facet,5
facilitate,10
facility,8
fact,4
factor,6
fail,4
failure,7
fair,4
fales,5
fall,4
familiar,8
family,6
fan,3
far,3
fashion,7
fast,4
fasten,6
fat,3
fatigue,7
favor,5
favorable,9
feasibility,11
feasible,8
feature,7
feed,4
feedback,8
feeding,7
feel,4
fell,4
felt,4
few,3
fiber,5
fibrous,7
ficients,8
fictitious,10
field,5
fifth,5
fig,3
fighter,7
figs.1,6
figure,6
filament,8
fill,4
filling,7
film,4
filter,6
filtering,9
fin,3
final,5
financial,9
find,4
finding,7
fine,4
fineness,8
finish,6
finite,6
finned,6
fire,4
firing,6
firm,4
fission,7
fit,3
fix,3
fixing,6
flame,5
flange,6
flanged,7
flap,4
flare,5
flared,6
flash,5
flat,4
flatness,8
flex,4
flexibility,11
flexible,8
flexural,8
flexure,7
flight,6
float,5
flocculent,10
floor,5
flow,4
flowmeter,9
flowmeters,10
fluctuate,9
fluctuation,11
flugge,6
fluid,5
fluidized,9
flutter,7
flux,4
fly,3
focus,5
fog,3
foil,4
fold,4
folding,7
follow,6
following,9
foot,4
footing,7
force,5
forcible,8
fore,4
forebodies,10
forebody,8
forecast,8
forecasting,11
foredrag,8
forefront,9
forego,6
foregoing,9
foreign,7
foreknowledge,13
form,4
formal,6
formation,9
formula,7
formulate,9
formulation,11
formulism,9
fort,4
forum,5
forward,7
found,5
foundation,10
fourier,7
fourth,6
fps,3
fraction,8
fractional,10
fracture,8
fralich,7
frame,5
framework,9
fredholm,8
free,4
freedom,7
freeman,7
freestream,10
freeze,6
freezing,8
freon,5
frequency,9
friction,8
frictional,10
frictionless,12
friedrichs,10
fringe,6
front,5
frontal,7
frozen,6
fruit,5
fruitful,8
frustum,7
fuel,4
fulfil,6
fulfillment,11
full,4
function,8
function/,9
functional,10
fundamental,11
furnace,7
furnish,7
fuse,4
fuselage,8
future,6
gag,3
gage,4
gain,4
galcit,6
galerkin,8
gamma,5
gap,3
gardless,8
garrick,7
gas,3
gascous,7
gasdynamic,10
gasdynamical,12
gasdynamics,11
gaseous,7
gather,6
gauge,5
gauss,5
gaussian,8
geckeler,8
general,7
generalise,10
generalised,11
generality,10
generalization,14
generalize,10
generalized,11
generate,8
generating,10
generation,10
generator,9
genuine,7
geodesic,8
geometric,9
geometrical,11
geometrics,10
geometries,10
geometry,8
geophysical,11
german,6
gershuni,8
get,3
giese,5
give,4
glance,6
glass,5
glassy,6
glauert,7
glide,5
glider,6
globule,7
glycerin,8
goal,4
good,4
goodier,7
gortler,7
gothic,6
govern,6
governing,9
grad,4
grade,5
gradient,8
gradient/,9
gradual,7
grain,5
gram,4
grand,5
granular,8
graph,5
graphical,9
graphite,8
grashof,7
grasshof,8
gravel,6
gravitational,13
gravity,7
graze,5
great,5
green,5
grid,4
gridwork,8
grind,5
grober,6
groove,6
gross,5
ground,6
group,5
grow,4
growth,6
guarantee,9
guidance,8
guide,5
gun,3
gun/,4
gust,4
gyration,8
gyroscope,9
gyroscopic,10
h(m,3
hadamard,8
half,4
hall,4
halve,5
hammerhead,10
hammitt,7
hamper,6
hand,4
handbook,8
handicap,8
handle,6
handling,8
hangling,8
hankel,6
hantzsche,9
happen,6
hard,4
harden,6
hardening,9
hardware,8
harmonic,8
hartree,7
hasimoto,8
hasten,6
have,4
haveg,5
hazard,6
head,4
heading,7
heat,4
heated,6
heater,6
heating,7
heaving,7
heavy,5
height,6
heimenz,7
helical,7
helicopter,10
heliocentric,12
helium,6
helmholtz,9
help,4
helpful,7
hemisphere,10
hemispherical,13
hemispherically,15
hemispheroidal,14
hero,4
heterogeneous,13
hexagonal,9
high,4
highspeed,9
hinder,6
hinge,5
hinged,6
hirschfelder,12
hirshfelder,11
hise,4
historics,9
history,7
hit,3
hitherto,8
hodograph,9
hodographic,11
hold,4
holder,6
hole,4
hollow,6
home,4
homogeneous,11
homogenous,10
honeycomb,9
hoop,4
hop,3
hope,4
hopeless,8
hopf,4
horizontal,10
horseshoe,9
hosokawa,8
hot,3
hour,4
housefly,8
housing,7
hover,5
hovercraft,10
howarth,7
howorth,7
hpyersonic,10
hub,3
hugoniot,8
human,5
humidity,8
hybrid,6
hydroballistic,14
hydrocarbon,11
hydrodynamic,12
hydrodynamical,14
hydrodynamics,13
hydrogen,8
hydromagnetic,13
hydrostatic,11
hyper,5
hyperbolic,10
hypergeometric,14
hypersonic,10
hypervelocity,13
hypothesis,10
hypothesize,11
hypothetical,12
hysol,5
hysteresis,10
hysteretic,10
icbm,4
idea,4
ideal,5
idealization,12
idealize,8
idealized,9
identical,9
identifiable,12
identification,14
identify,8
identity,8
ied,3
iferation,9
ignite,6
ignition,8
ignore,6
iii,3
illingworth,11
illustrate,10
illustration,12
illustrative,12
illustrious,11
image,5
imaginary,9
immediate,9
immerse,7
immobile,8
immovable,9
impact,6
impair,6
impart,6
impeller,8
imperfect,9
imperfection,12
impermeable,11
impinge,7
impingement,11
implement,9
implication,11
implicit,8
imply,5
importance,10
important,9
impose,6
impossible,10
impression,10
improper,8
improve,7
improved,8
improvement,11
impulse,7
impulsive,9
inaccessible,12
inaccuracy,10
inaccurate,10
inadequacy,10
inadequate,10
inadmissable,12
inafinite,9
inapplicable,12
inappropriate,13
inboard,7
inch,4
incidence,9
incident,8
incidental,10
incipient,9
inclination,11
incline,7
inclined,8
include,7
inclusion,9
inclusive,9
incoming,8
incomplete,10
incompressible,14
inconclusive,12
inconel,7
inconsistency,13
inconsistent,12
inconvenient,12
incorporate,11
incorporation,13
incorrect,9
increase,8
increment,9
incremental,11
incur,5
independence,12
independent,11
indetermining,13
index,5
indical,7
indicate,8
indication,10
indicative,10
indicial,8
indirect,8
indium,6
individual,10
induce,6
induced,7
inductance,10
induction,9
industry,8
inefficient,11
inelastic,9
inequality,10
inert,5
inertia,7
inertial,8
inevitable,10
inexpensive,11
infer,5
infinite,8
infinitesimal,13
infinity,8
infite,6
inflection,10
inflow,6
influence,9
influential,11
influx,6
information,11
ing,3
ingenious,9
inherent,8
inhibit,7
inhomogeneous,13
initial,7
initiate,8
inject,6
injectant,9
injection,9
injector,8
ink,3
inlet,5
inner,5
inoperative,11
inorganic,9
inplane,7
input,5
inquire,7
insect,6
insensitive,11
insert,6
insertion,9
insight,7
insignificant,13
inspection,10
inspire,7
instability,11
installation,12
instance,8
instant,7
instantaneous,13
instigate,9
instruct,8
instruction,11
instructive,11
instrument,10
instrumentation,15
insufficient,12
insulate,8
insulated,9
insulation,10
insure,6
intake,6
integrable,10
integral,8
integrands,10
integrate,9
integrated,10
integration,11
integrity,9
intend,6
intense,7
intensification,15
intensify,9
intensity,9
intention,9
inter,5
interact,8
interaction,11
interanl,8
interchangeable,15
interconnect,12
interconnected,14
intercrystalline,16
interdependence,15
interest,8
interested,10
interesting,11
interface,9
interference,12
interferograms,14
interferometer,14
interferometric,15
intergranular,13
interim,7
interior,8
intermediate,12
intermolecular,14
internal,8
international,13
interplanetary,14
interpolation,13
interpose,9
interpret,9
interpretation,14
interpretive,12
interrelation,13
intersect,9
intersecting,12
intersection,12
interstellar,12
interval,8
intimate,8
intractable,11
intrinsic,9
introduce,9
introduction,12
introduring,11
intuition,9
invalid,7
invalidate,10
invariant,9
inverse,7
inversion,9
invert,6
inverted,8
investigaion,12
investigate,11
investigation,13
investigator,12
inviscid,8
invoke,6
involve,7
inwards/,8
iodine,6
ion,3
ionization,10
ionize,6
ionosphere,10
irbm,4
iron,4
irregular,9
irregularity,12
irreversibility,15
irreversible,12
irritant,8
irrotational,12
isentropic,10
isobar,6
isochronous,11
isoenergetic,12
isofoam,7
isolate,7
isolated,8
isolation,9
isothermal,10
isotope,7
isotropic,9
isovel,6
isovels,7
issue,5
issuing,7
item,4
iteration,9
iterative,9
jastrow,7
jet,3
jet/,4
jetlike,7
jmin,4
jmjn,4
join,4
joint,5
joukowski,9
joukowsky,9
joule,5
journal,7
judge,5
jump,4
junction,8
juncture,8
justifiable,11
justification,13
justify,7
karman,6
keep,4
kempner,7
kernal,6
kernel,6
key,3
kilometre,9
kind,4
kinematic,9
kinetic,7
kinetics,8
kink,4
kinked,6
kirchhoff,9
knee,4
know,4
knowledge,9
known,5
knuckle,7
knudsen,7
krasilshchikova,15
kussner,7
kutta,5
labor,5
laboratory,10
laborious,9
labour,6
lack,4
lacquer,7
lag,3
lagrangian,10
laguerre,8
laminar,7
laminary,8
laminate,8
land,4
landahl,7
landing,7
langer,6
langley,7
language,8
lap,3
laplace,7
laplacian,9
large,5
late,4
latent,6
lateral,7
latitude,8
lattice,7
laufer,6
launch,6
law,3
lay,3
layer,5
layer/,6
layout,6
lead,4
leading,7
leave,5
lecture,7
leeward,7
legendre,8
legitimate,10
lend,4
length,6
lengthen,8
lengthwise,10
less,4
let,3
letter,6
level,5
lever,5
levy,4
liable,6
liapunov,8
libration,9
librove,7
license,7
lie,3
life,4
lifetime,8
lift,4
lifting,7
light,5
lighthill,9
lighthill/1957,14
lightweight,11
like,4
likely,6
limit,5
limitation,10
limited,7
limiting,8
line,4
lineal,6
linear,6
linearisation,13
linearise,9
linearised,10
linearity,9
linearization,13
linearize,9
liner,5
lingitudinal,12
link,4
liouville,9
lip,3
liquid,6
list,4
literal,7
literature,10
little,6
load,4
loaded,6
loading,7
lobe,4
lobed,5
local,5
localise,8
localised,9
localize,8
localized,9
locate,6
location,8
lock,4
locus,5
log,3
logarithm,9
logarithmic,11
logical,7
loitsianskii,12
long,4
longitudinal,12
look,4
loop,4
loose,5
lose,4
loss,4
lotz,4
loudspeaker,11
love,4
low,3
lower,5
lubricant,9
lubrication,11
lucid,5
lucite,6
ludweig,7
ludwieg,7
luminous,8
lunar,5
lyapunov,8
macadam,7
mach,4
machine,7
maeder,6
magnesium,9
magnetic,8
magneto,7
magnetoacoustic,15
magnetoaerodynamic,18
magnetofluidmechanics,21
magnetogas,10
magnetohydrodynamic,19
magnetohydrodynamical,21
magnetohydrodynamics,20
magnify,7
magnitude,9
magnus,6
main,4
mainstream,10
maintain,8
maintainance,12
maintenance,11
major,5
majority,8
make,4
making,6
malfunction,11
man,3
maneuver,8
maneuvering,11
mangler,7
manifest,8
manned,6
manner,6
manocuvres,10
manoeuvre,9
manoeuvring,11
manometer,9
manufacture,11
manufacturing,13
map,3
mapping,7
margin,6
marguerre,9
maritime,8
mark,4
marked,6
martian,7
mask,4
maslen,6
mass,4
massbalance,11
massbalanced,12
mat,3
match,5
matching,8
material,8
materials,9
math,4
mathematical,12
mathematics,11
matric,6
matrix,6
matter,6
matting,7
max,3
maximuin,8
maximum,7
maxwellian,10
mean,4
meaning,7
measurable,10
measure,7
measured,8
measurement,11
mechanic,8
mechanical,10
mechanism,9
mechs,5
median,6
medium,6
meet,4
meeting,7
meh,3
meksyn,6
melamine,8
melt,4
melting,7
member,6
membrane,8
memorandum,10
mention,7
mercury,7
mere,4
merge,5
merged,6
merger,6
merging,7
meridian,8
meridional,10
merit,5
mesh,4
metal,5
metallic,8
meteor,6
meteorite,9
meter,5
methane,7
methanol,8
method,6
mev,3
meyer,5
mhd,3
microinch,9
microinches,11
micromanometer,14
micron,6
microphone,10
microwave,9
mid,3
midchord,8
middle,6
midplane,8
midspan,7
migrate,7
mil,3
mild,4
mile,4
millimeter,10
millisecond,11
mind,4
minimal,7
minimisation,12
minimise,8
minimization,12
minimize,8
minimum,7
minor,5
minute,6
mirels,6
mirror,6
misaligned,10
misalignment,12
misalinement,12
mises,5
mismatch,8
miss,4
missile,7
mission,7
mistake,7
mitigate,8
mix,3
mixed,5
mixing,6
mixture,7
modal,5
mode,4
model,5
modeling,8
moderate,8
modern,6
modes,5
modest,6
modification,12
modified,8
modify,6
modulate,8
modulation,10
modulus,7
mol,3
molecular,9
molecule,8
molten,6
molybdenum,10
moment,6
momentary,9
momentum,8
monatomic,9
monocoque,9
monograph,9
monoplane,9
monopole,8
moon,4
morning,7
motion,6
motionless,10
motor,5
mound,5
mount,5
mountain,8
movable,7
move,4
movement,8
mph,3
msvo,4
mth,3
muffler,7
multi,5
multiaxial,10
multibay,8
multicellular,13
multicomponent,14
multilayer,10
multiple,8
multiplication,14
multiplicative,14
multiplier,10
multiply,8
multistage,10
multistaging,12
multiweb,8
mum,3
naca,4
nacelle,7
nagamatsu,9
name,4
narrow,6
national,8
natural,7
nature,6
nautical,8
naval,5
navy,4
near,4
neat,4
necessary,9
necessitate,11
necessity,9
need,4
negation,8
negative,8
neglect,7
negligible,10
neighborhood,12
neighbourhood,13
neighbouring,12
net,3
network,7
neumann,7
neutral,7
new,3
news,4
newtonian,9
nice,4
nickel,6
night,5
nimonic,7
ninefold,8
ninth,5
nitric,6
nitrogen,8
no.1,4
no.320,6
nocturnal,9
nodal,5
node,4
noise,5
nomenclature,12
nominal,7
nomograph,9
non,3
nonablating,11
nonaligned,10
nonaxisymmetric,15
nonaxisymmetrical,17
noncatalytic,12
noncircular,11
noncirculatory,14
noncommunicating,16
nonconcurrence,14
nonconducting,13
nonconduction,13
nonconservative,15
nondecomposing,14
nondimensional,14
nondimensionalized,18
nondissipative,14
nonequilibrium,14
nonexistence,12
nonflammable,12
nongyroscopic,13
nonhomogeneous,14
noninclined,11
noninjection,12
noninsulated,12
nonisentropic,13
nonisothermal,13
nonlifting,10
nonlinear,9
nonlinearity,12
nonmagnetic,11
nonnegative,11
nonorthogonal,13
nonparallel,11
nonpermeable,12
nonplanar,9
nonporous,9
nonreacting,11
nonreactive,11
nonrigorous,11
nonrotating,11
nonsimilar,10
nonsingular,11
nonslationary,13
nonslender,10
nonspherical,12
nonstationary,13
nonsteady,9
nontrivial,10
nonuniform,10
nonuniformity,13
nonunity,8
nonvanishing,12
nonviscous,10
nonzero,7
normal,6
normalize,9
nose,4
nosed,5
notable,7
notation,8
notch,5
note,4
noteworthy,10
notice,6
noticeable,10
notion,6
novel,5
nozzle,6
npl,3
nth,3
nuclear,7
nullify,7
number,6
numberical,10
numerical,9
numerous,8
numger,6
nusselt,7
nylon,5
obey,4
object,6
objection,9
objectionable,13
objective,9
oblate,6
oblateness,10
oblique,7
obliterate,10
obscure,7
observable,10
observables,11
observation,11
observational,13
observe,7
observed,8
observer,8
obstacle,8
obtain,6
obtainable,10
obtainec,8
obtaining,9
obtainment,10
obvious,7
occasion,8
occupy,6
occur,5
occurrence,10
octagonal,9
octahedral,10
octave,6
offer,5
offset,6
ogee,4
ogival,6
ogive,5
oil,3
old,3
omission,8
omit,4
oncoming,8
one,3
onera,5
onic,4
onsager,7
onset,5
opaque,6
open,4
opening,7
operate,7
operating,9
operation,9
operational,11
operative,9
operator,8
opportunity,11
oppose,6
opposed,7
opposing,8
opposite,8
opposition,10
optic,5
optical,7
optimal,7
optimization,12
optimum,7
orbit,5
orbital,7
order,5
ordered,7
ordering,8
ordinary,8
ordinate,8
ordnance,8
organization,12
orgin,5
orient,6
orientation,11
orifice,7
origin,6
original,8
originate,9
originting,10
orlfice,7
orthogonal,10
orthogonality,13
orthotropic,11
oscillate,9
oscillation,11
oscillator,10
oscillatory,11
oscillograph,12
oseen,5
oseens,6
osoen,5
oswatitsch,10
out,3
outboard,8
outcome,7
outermost,9
outlet,6
outline,7
output,6
outside,7
outstanding,11
outward,7
outweight,9
oval,4
ovaluated,9
oven,4
overall,7
overcome,8
overestimate,12
overestimation,14
overexpanded,12
overexpands,11
overexpansion,13
overhang,8
overlap,7
overlook,8
overpressure,12
override,8
overshadow,10
overshoot,9
oversimplification,18
oversimplified,14
overstability,13
overstatement,13
overswing,9
owe,3
oxidation,9
oxide,5
oxygen,6
p//dp,5
packard,7
page,4
painleve,8
paint,5
pair,4
palte,5
panel,5
paper,5
papreg,6
para.5,6
parabolic,9
paraboloid,10
paraboloidal,12
paradox,7
paragraph,9
parallel,8
parameter,9
paramount,9
paraplex,8
parasol,7
parietale,9
part,4
partial,7
particle,8
particular,10
partition,9
pas,3
pass,4
passage,7
passenger,9
passive,7
past,4
path,4
pattern,7
pay,3
payload,7
peak,4
peclet,6
peculiar,8
peculiarity,11
penalty,7
penetrate,9
penetration,11
people,6
percent,7
percentage,10
perfect,7
perforate,9
perforation,11
perform,7
performance,11
perigee,7
periments,9
perimeter,9
period,6
periodic,8
peripheral,10
permanent,9
permeability,12
permeable,9
permissable,11
permissible,11
permit,6
perpendicular,13
perplexing,10
persh,5
persist,7
personal,8
pertain,7
pertinent,9
perturb,7
perturbation,12
perturbed,9
pessimistic,11
phase,5
phenolic,8
phenomena,9
phenomenological,16
phenomenon,10
philosophy,10
phosphorescent,14
photo,5
photoelastic,12
photograph,10
photographic,12
photography,11
photomultiplier,15
photomultipliers,16
photothermoelastic,18
phugoid,7
physcal,7
physic,6
physical,8
physiological,13
pibal,5
picture,7
piece,5
piercy,6
pilot,5
pimple,6
pin,3
pipe,4
piston,6
pitch,5
pitching,8
pitchingmoment,14
pitot,5
pivot,5
pivotal,7
place,5
placement,9
plain,5
plan,4
planar,6
planck,6
plane,5
planet,6
planetary,9
planeto,7
planform,8
planforms,9
plant,5
plasma,6
plast,5
plastic,7
plasticity,10
plate,5
plateau,7
platinum,8
plausible,9
play,4
plk,3
plot,4
plotting,8
plug,4
plume,5
pluming,7
plunging,8
ply,3
pneumatic,9
pod,3
poetic,6
pohlhausen,10
poinds,6
point,5
pointed,7
poiscuille,10
poiseuille,10
poisson,7
polar,5
polars,6
pole,4
polished,8
polyatomic,10
polyaxial,9
polycrystalline,15
polygon,7
polymer,7
polynomial,10
polynomials,11
polystyrene,11
ponderomotive,13
poor,4
popular,7
pore,4
porous,6
portion,7
portious,8
pose,4
position,8
positive,8
possess,7
possibility,11
possible,8
possio,6
post,4
postbuckling,12
postpone,8
postulate,9
potential,9
potentiometer,13
potter,6
pound,5
power,5
powered,7
powerful,8
powering,8
powerplants,11
practical,9
practice,8
practitioner,12
prandtl,7
pre,3
prebuckled,10
precaution,10
precede,7
precession,10
precipitate,11
precise,7
precision,9
preclude,8
precludes,9
predict,7
predictable,11
prediction,10
predictive,10
predigest,9
predominant,11
predominate,11
prefer,6
preferable,10
preference,10
preferred,9
preheat,7
preliminary,11
premature,9
premise,7
premixed,8
preparation,11
prepare,7
prepared,8
preponderance,13
prescribe,9
prescribed,10
presence,8
present,7
presentation,12
preserve,8
press,5
pressure,8
pressureized,12
pressurise,10
pressurised,11
pressurize,10
pressurized,11
prevail,7
prevalence,10
prevent,7
prevention,10
previous,8
prewhirl,8
price,5
prikl,5
primary,7
prime,5
principal,9
principle,9
prior,5
priori,6
prism,5
prismatic,9
probability,11
probable,8
probe,5
problem,7
problems,8
proc,4
procedure,9
proceed,7
proceeds,8
process,7
processing,10
produce,7
producer,8
product,7
production,10
profile,7
profound,8
program,7
programing,10
programme,9
programming,11
progress,8
progressive,11
prohibitive,11
project,7
projectile,10
prolate,7
prominence,10
promise,7
promising,9
promote,7
prone,5
pronounce,9
proof,5
propagate,9
propagation,11
propel,6
propellant,10
propeller,9
propeller(s,11
proper,6
property,8
proportion,10
proportional,12
proportionality,15
proportionate,13
proposal,8
propose,7
proposel,8
proposition,11
propound,8
propulsion,10
propulsive,10
prospect,8
protect,7
protection,10
protein,7
proton,6
prototype,9
protrude,8
protrusion,10
protuberance,12
prove,5
provide,7
provision,9
provisional,11
provoke,7
proximity,9
pseudo,6
psf,3
psi,3
psia,4
psig,4
psychological,13
public,6
publication,11
publish,7
pulse,5
pump,4
puncture,8
pure,4
purpose,7
purpose/,8
pursue,6
put,3
puzzle,6
pyramidal,9
pyrex,5
quadratic,9
quadrature,10
quadruplet,10
quadrupole,10
quadrupoles,11
qualitative,11
qualitiative,12
quality,7
quantitative,12
quantity,8
quantum,7
quart,5
quarter,7
quarterchord,12
quartic,7
quartz,6
quasi,5
quench,6
quenching,9
quest,5
question,8
questionable,12
quick,5
quieting,8
quotation,9
quote,5
r(x,3
radar,5
radial,6
radian,6
radiant,7
radiate,7
radiation,9
radiative,9
radii,5
radius,6
radome,6
raise,5
rake,4
rameter,7
ramp,4
random,6
randomness,10
randon,6
range,5
rankine,7
rapid,5
rapidity,8
rarefaction,11
rarefied,8
rate,4
ratio,5
ratio/,6
rational,8
ratios,6
ray,3
rayleigh,8
reach,5
react,5
reaction,8
reactive,8
reactor,7
read,4
reader,6
reading,7
readings,8
ready,5
reaffirm,8
real,4
realise,7
realistic,9
realization,11
realize,7
reanalysis,10
reanalyze,9
rear,4
rearrange,9
rearward,8
reason,6
reasonable,10
reasoning,9
reattached,10
reattaches,10
reattaching,11
reattachment,12
receive,7
receiver,8
recent,6
reciprocal,10
reciprocity,11
recirculating,13
recirculation,13
recognise,9
recognize,9
recombination,13
recommend,9
recommendation,14
recompression,13
record,6
recording,9
recourse,8
recover,7
recoverable,11
recovery,8
rectangle,9
rectangular,11
rectilinear,11
recur,5
recurrence,10
recursion,9
redefinition,12
redesign,8
redirect,8
redistribution,14
reduce,6
reduced,7
reducible,9
reduction,9
redundant,9
reentry,7
reexamination,13
ref,3
refer,5
reference,9
refine,6
refined,7
refinement,10
reflect,7
reflection,10
reflex,6
reformulate,11
refract,7
refraction,10
refractory,10
regain,6
regard,6
regime,6
region,6
register,8
regular,7
regularity,10
reichardt,9
reimpinge,9
reinforce,9
reinforcement,13
reinvestigated,14
reissner,8
reject,6
relate,6
related,7
relation,8
relationship,12
relative,8
relativistic,12
relax,5
relaxation,10
relay,5
release,7
relevance,9
relevant,8
reliability,11
reliable,8
relieve,7
rely,4
remain,6
remainder,9
remark,6
remarkable,10
remember,8
remote,6
removable,9
removal,7
remove,6
render,6
repair,6
repeat,6
repercussion,12
repetition,10
replace,7
replacement,11
reply,5
report,6
represent,9
representable,13
representation,14
representative,14
reproduce,9
reproducible,12
requency,8
request,7
require,7
required,8
requirement,11
research,8
researcher,10
resemblance,11
resemble,8
reservation,11
reservoir,9
residual,8
resiliant,9
resin,5
resist,6
resistance,10
resler,6
resolution,10
resolve,7
resonable,9
resonance,9
resonant,8
resort,6
resource,8
respect,7
respective,10
respond,7
response,8
responsible,11
rest,4
restore,7
restrain,8
restraint,9
restrict,8
restricted,10
restriction,11
restrictive,11
result,6
resultant,9
retain,6
retarded,8
retarding,9
retrocket,9
retrorocket,11
retrovelocity,13
return,6
reuss,5
rev,3
reveal,6
reversal,8
reverse,7
reversed,8
reversibility,13
reversible,10
revert,6
review,6
reviewer,8
revise,6
revision,8
revolution,10
rewrite,7
rheological,11
rhombic,7
rib,3
ribbon,6
ridge,5
right,5
rigid,5
rigidity,8
rigorous,8
ring,4
riolate,7
ripple,6
rise,4
risk,4
rivet,5
rms,3
roar,4
rocket,6
rod,3
roghness,8
role,4
roll,4
rolling,7
room,4
root,4
rotary,6
rotate,6
rotating,8
rotation,8
rotational,10
rotor,5
rough,5
roughen,7
roughness,9
round,5
rounded,7
roundness,9
routine,7
routinized,10
row,3
rpm,3
rsults,6
rube,4
rubesin,7
rudimentary,11
rule,4
run,3
runge,5
running,7
rupture,7
russian,7
safe,4
safety,6
sail,4
sake,4
sakurai,7
salient,7
salmon,6
salt,4
sample,6
sand,4
sandpaper,9
sandwich,8
satelite,8
satellite,9
satisfaction,12
satisfactory,12
satisfied,9
satisfy,7
saving,6
say,3
scalar,6
scale,5
scaling,7
scan,4
scar,4
scarce,6
scatter,7
schematic,9
scheme,6
schlichting,11
schlieren,9
schoenherr,10
scientific,10
scientist,9
scoop,5
scope,5
screen,6
scruton,7
sea,3
seal,4
sealing,7
search,6
searching,9
season,6
seasonal,8
seban,5
secant,6
second,6
secondary,9
section,7
sectional,9
sector,6
sectorial,9
secure,6
security,8
sedimentation,13
sedov,5
see,3
seeding,7
seek,4
segment,7
seidel,6
select,6
selection,9
selective,9
self,4
semi,4
semiapex,8
semiballistic,13
semicircle,10
semicircular,12
semidiameter,12
semiempirical,13
semiinfinite,12
semispan,8
semivertex,10
senior,6
sense,5
sensible,8
sensitive,9
sensitivity,11
sensor,6
separable,9
separate,8
separated,9
separation,10
sequel,6
sequence,8
ser,3
serenity,8
series,6
serve,5
service,7
servo,5
sesired,7
set,3
setting,7
seventh,7
severe,6
sextic,6
shadow,6
shadowgraph,11
shaft,5
shallow,7
shank,5
shanley,7
shape,5
sharp,5
sharpedge,9
shear,5
shearing,8
sheath,6
shed,4
shedding,8
sheet,5
shell,5
sheltered,9
shercliff,9
shesterikov,11
shield,6
shielding,9
shift,5
shifting,8
ship,4
shock,5
shocked,7
shockless,9
shockwave,9
short,5
shortcoming,11
shorten,7
shortening,10
shoulder,8
show,4
show/1,6
shroud,6
shuffle,7
shypersonic,11
sibulkin,8
side,4
sided,5
sideforce,9
sideslip,8
sideslipping,12
sidewall,8
sidewash,8
sight,5
sign,4
signal,6
significance,12
significant,11
sigularity,10
silence,7
silica,6
similar,7
similar/,8
similarity,10
similitude,10
simple,6
simplicity,10
simplification,14
simplified,10
simplify,8
simplifying,11
simulate,8
simulated,9
simulation,10
simulator,9
simulators,10
simultaneous,12
sin,3
sine,4
single,6
singular,8
singularity,11
sink,4
sinking,7
sinusoid,8
sinusoidal,10
siren,5
situate,7
situation,9
sixth,5
sizable,7
size,4
sizeable,8
sized,5
skan,4
sketchy,7
skew,4
skewed,6
skill,5
skin,4
skip,4
skirt,5
slab,4
slender,7
slenderness,11
slice,5
slide,5
slider,6
slight,6
slip,4
slipstream,10
slop,4
slope,5
sloped,6
sloshing,8
slot,4
slotted,7
slow,4
slug,4
small,5
smallness,9
smell,5
smoke,5
smooth,6
smoothing,9
smoothness,10
snap,4
snow,4
soak,4
sobsonic,8
society,7
sodium,6
soft,4
solar,5
solid,5
solides,7
solidification,14
soluble,7
solution,8
solutions/,10
solve,5
som,3
sonic,5
sophisticated,13
soret,5
sort,4
sound,5
sounding,8
source,6
southwell,9
space,5
spacecraft,10
spaced,6
spacewise,9
spacing,7
span,4
spanwise,8
spar,4
spark,5
spatial,7
speak,5
special,7
specialise,10
specialization,14
specialize,10
specialized,11
specie,6
specific,8
specification,13
specified,9
specifiic,9
specify,7
specimen,8
spectacular,11
spectra,7
spectral,8
spectrograph,12
spectrum,8
specular,8
speed,5
sperical,8
sphere,6
spheric,7
spherical,9
spheroid,8
spike,5
spiked,6
spin,4
spindle,7
spinner,7
spinning,8
spiral,6
spirit,6
spite,5
split,5
splitter,8
sponsor,7
spot,4
spray,5
spread,6
spreading,9
spreiter,8
spring,6
spurious,8
square,6
squire,6
stability,9
stabilization,13
stabilize,9
stabilizer,10
stable,6
stack,5
stacking,8
staff,5
stage,5
stagger,7
stagnant,8
stagnation,10
stainless,9
stall,5
stalling,8
stand,5
standard,8
standoff,8
standpoint,10
start,5
starting,8
state,5
statement,9
static,6
statical,8
staticpressure,14
station,7
stationary,10
statistic,9
statistical,11
stator,6
status,6
steadiness,10
steady,6
steam,5
steamline,9
steel,5
steep,5
steepness,9
stem,4
step,4
stepdown,8
stepwise,8
stewartson,10
stiffen,7
stiffener,9
stiffening,10
stiffness,9
stimulate,9
stimulus,8
sting,5
stipulate,9
stochastic,10
stoke,5
stoker,6
stokes,6
stol,4
stone,5
stonecypher,11
stony,5
storage,7
store,5
straight,8
straightness,12
strain,6
strange,7
stratagem,9
stratiform,10
streak,6
stream,6
streamline,10
streamlines,11
streamlining,12
streamtube,10
streamwise,10
strength,8
strengthen,10
stress,6
stretch,7
stretching,10
strike,6
striking,8
stringer,8
strip,5
stroboscope,11
stroboscopic,12
strong,6
strouhal,8
structural,10
structure,9
strut,5
study,5
sub,3
subarcs,7
subaudio,8
subcritical,11
subject,7
subjective,10
sublayer,8
sublimation,11
submerge,8
submit,6
subroutine,10
subscript,9
subscripts,10
subsequent,10
subsidiary,10
subsonic,8
substantial,11
substantiate,12
substitute,10
substitution,12
subtend,7
subtract,8
succeed,7
success,7
successful,10
succession,10
successive,10
suck,4
suction,7
sudden,6
suffer,6
sufficient,10
suffix,6
sugar,5
suggest,7
suggestion,10
suit,4
suitability,11
suitable,8
suited,6
sum,3
summarise,9
summarize,9
summary,7
summation,9
super,5
superaerodynamic,16
supercircular,13
supercritical,13
superficial,11
superimpose,11
superior,8
superiority,11
superpose,9
superposition,13
superscript,11
supersede,9
supersonic,10
supplement,10
supplementary,13
supplorted,10
supply,6
support,7
suppose,7
supposition,11
suppress,8
sure,4
surface,7
surge,5
surpass,7
surprising,10
surround,8
survey,6
susceptible,11
sustain,7
sustained,9
swallow,7
sweat,5
sweep,5
sweepback,9
sweptback,9
sweptforward,12
sweptwing,9
swirl,5
switch,6
symmetric,9
symmetrical,11
symmetry,8
symposium,9
synge,5
synthesis,9
synthesize,10
system,6
systematic,10
systematize,11
tab,3
table,5
tabular,7
tabulate,8
tabulation,10
tail,4
tailing,7
tailless,8
tailor,6
tailplane,9
tailwind,8
tained,6
take,4
tangency,8
tangent,7
tangential,10
tank,4
tap,3
taper,5
tapered,7
target,6
task,4
taxi,4
tech,4
technical,9
technique,9
techniques,10
technology,10
tedious,7
teeth,5
teflon,6
telegraph,9
telemeter,9
telemetered,11
telemetering,12
tell,4
teller,6
temp,4
temperature,11
temperatures,12
tend,4
tendency,8
tensile,7
tension,7
tensor,6
tentative,9
tenth,5
term,4
terminal,8
terminate,9
termination,11
terminology,11
termperature,12
termwise,8
terrain,7
terrestrial,11
test,4
testing,7
tetrachloride,13
text,4
theodorsen,10
theorem,7
theoretic,9
theoretical,11
theory,6
thermal,7
thermo,6
thermochemical,14
thermocouple,12
thermodynamic,13
thermodynamics,14
thermoelastic,13
thermoelasticity,16
thermomechanical,16
thermomechanics,15
thermometer,11
thermopropulsive,16
theta,5
thick,5
thicken,7
thickening,10
thickness,9
thin,4
thing,5
think,5
third,5
thorough,8
threaten,8
threshold,9
throat,6
throttle,8
throw,5
thrust,6
thwaites,8
tical,5
tietjens,8
tilt,4
time,4
timoshenko,10
ting,4
tion,4
tional,6
tions,5
tip,3
title,5
tnis,4
today,5
tolerable,9
tolerance,9
tolerate,8
tollmien,8
tomotika,8
tool,4
topic,5
torda,5
toriconic,9
toriconical,11
torispherical,13
toroidal,8
torque,6
torsion,7
torsional,9
torus,5
total,5
touch,5
toxic,5
trace,5
track,5
tracking,8
tractable,9
traction,8
tractor,7
traditional,11
trail,5
trailing,8
trajectory,10
transcendant,12
transcendental,14
transducer,10
transfer,8
transfn,7
transform,9
transformation,14
transforms,10
transient,9
transit,7
transition,10
transitional,12
translate,9
translation,11
translational,13
translatory,11
transmission,12
transmit,8
transonic,9
transparent,11
transpiration,13
transpire,9
transport,9
transportation,14
transtability,13
transversality,14
transverse,10
trapezoidal,11
travel,6
traversal,9
traverse,8
treat,5
treatise,8
treatment,9
trefftz,7
trefitz,7
trend,5
trial,5
triangle,8
triangular,10
tribute,7
trick,5
trigger,7
trigonometric,13
trigonometrical,15
trim,4
trip,4
triple,6
tripping,8
trochoidal,10
trouble,7
troublesome,11
true,4
truncate,8
truncated,9
truncation,10
truth,5
try,3
tsien,5
tsion,5
tube,4
tubing,6
tubular,7
tubulence,9
tuft,4
tumble,6
tumbling,8
tungsten,8
tunnel,6
turbances,9
turbine,7
turbo,5
turbojet,8
turbomachines,13
turbulen,8
turbulence,10
turbulent,9
ture,4
turn,4
turning,7
twin,4
twist,5
twisted,7
twisting,8
type,4
type/1,6
typical,7
typify,6
typographical,13
typography,10
ultimate,8
ultra,5
ultracentrifuge,15
umerical,8
unablated,9
unaccompanied,13
unaffected,10
unanticipated,13
unavoidable,11
unbalanced,10
unbanked,8
unblunted,9
unbounded,9
unbuckled,9
uncambered,10
uncertain,9
uncertainty,11
unchanged,9
unconservative,14
unconstrained,13
uncontrollable,14
uncooled,8
uncorrected,11
uncouple,8
uncoupled,9
undamped,8
undeformed,10
underestimate,13
underexpanded,13
underexpansion,14
undergo,7
underlie,8
underlying,10
undershoot,10
underside,9
understand,10
understanding,13
undersurface,12
undertake,9
undesirable,11
undetermined,12
undissociated,13
undisturbed,11
undrooped,9
unequal,7
unexpected,10
unexplained,11
unfamiliar,10
unfavorable,11
unfavourable,12
unfilled,8
unfired,7
unflanged,9
unfold,6
unhappy,7
unheated,8
uniaxial,8
unidirectional,14
unification,11
unified,7
uniform,7
uniformity,10
unimportant,11
union,5
unique,6
unit,4
unitary,7
unity,5
univac,6
universal,9
university,10
unknown,7
unlikely,8
unlimited,9
unload,6
unmanned,8
unmodulated,11
unnecessary,11
unorthodox,10
unperturbed,11
unpowered,9
unpressurized,13
unpublished,11
unrealistic,11
unreality,9
unrelativistic,14
unresolved,10
unrestrained,12
unrestricted,12
unretarded,10
unsatisfactory,14
unseparated,11
unsolved,8
unspecified,11
unstable,8
unsteadiness,12
unsteady,8
unstiffened,11
unstressed,10
unsupported,11
unswept,7
unsymmetrical,13
untapered,9
untenable,9
untested,8
untrimmed,9
untwisted,9
unyawed,7
upflow,6
upper,5
upstream,8
upward,6
upwash,6
urgent,6
usable,6
usage,5
use,3
useful,6
usefulness,10
user,4
usual,5
utia,4
utilise,7
utility,7
utilization,11
utilize,7
utilzation,10
v(y,3
vacuum,6
valid,5
validity,8
valuable,8
value,5
valuedness,10
valueless,9
valve,5
vane,4
vanes,5
vanish,6
vanishing,9
vapor,5
vaporization,12
vaporize,8
vapour,6
variability,11
variable,8
variant,7
variation,9
variational,11
varied,6
varies,6
variety,7
vary,4
varying,7
vector,6
vehicle,7
veiocity,8
velocity,8
venting,7
venturis,8
veocity,7
verfied,7
verification,12
verify,6
versatility,11
version,7
vertex,6
vertical,8
vessel,6
vibrate,7
vibration,9
vibrational,11
vibratory,9
vice,4
vicinity,8
view,4
viewpoint,9
vii,3
viii,4
violate,7
violent,7
violet,6
virtual,7
viscid,6
viscoelastic,12
viscoelasticity,15
viscosity,9
viscous,7
visibility,10
visible,7
vision,6
visual,6
visualisation,13
visualise,9
visualization,13
visualize,9
vital,5
viz,3
vlasov,6
volume,6
volumetric,10
vortex,6
vortical,8
vortices,8
vorticity,9
voyage,6
vtol,4
w(x,3
w.533,5
waisted,7
wake,4
wakelike,8
walkden,7
wall,4
walled,6
want,4
ward,4
warhead,7
warm,4
warning,7
warp,4
warrant,7
wash,4
wassermann,10
water,5
wave,4
wavelength,10
waviness,8
wavy,4
wax,3
way,3
weak,4
weaken,6
weakening,9
weapon,6
weave,5
web,3
wedge,5
weigh,5
weight,6
weighted,8
weighting,9
weissinger,10
wet,3
wheel,5
whirl,5
whirling,8
whisker,7
white,5
whitham,7
wide,4
widen,5
widespread,10
width,5
win,3
wind,4
window,6
windstream,10
windtunnels,11
windward,8
wing,4
wingbody,8
winged,6
winglike,8
wingtip,7
winny,5
wire,4
wise,4
withdrawal,10
withstand,9
wkb,3
wood,4
wooded,6
woodgate,8
word,4
work,4
worker,6
working,7
world,5
worsen,6
worth,5
worthwhile,10
worthy,6
wrinkle,7
wrinkled,8
wrinkling,9
write,5
writer,6
writing,7
yarymovych,10
yaw,3
yawed,5
yawing,6
year,4
yeilds,6
yield,5
young,5
yuan,4
zakkay,6
zbrozek,7
zero,4
zeroth,6
zone,4
zoom,4
